"place","pop1980","pop2000","pop2010","pop2023","pop2024","pop2030","pop2050",dr≈æava,"area","landAreaKm","cca2","cca3","unMember","netChange","growthRate","worldPercentage","density","densityMi","rank"
356,687354025,1057922733,1243481564,1438069596,1450935791,1525138844,1679589259,"India",3287590,2973190,"IN","IND",true,0.4119,0.0089,0.1812,488.0064,1263.9366,1
156,983163542,1269581175,1351561514,1422584933,1419321278,1398153832,1260289093,"China",9706961,9424702.9,"CN","CHN",true,-0.1006,-0.0023,0.1773,150.5959,390.0433,2
840,229858655,281484131,311062790,343477335,345426571,355649881,380846910,"United States",9372610,9147420,"US","USA",true,0.06,0.0057,0.0432,37.7622,97.8041,3
360,148950540,216077790,246305322,281190067,283487931,295876648,320712949,"Indonesia",1904569,1877519,"ID","IDN",true,0.0719,0.0082,0.0354,150.9907,391.0659,4
586,82291010,154879127,199239047,247504495,251269164,276883255,371863793,"Pakistan",881912,770880,"PK","PAK",true,0.1225,0.0152,0.0314,325.9511,844.2133,5
566,73764641,126382494,166642886,227882945,232679478,262380970,359185556,"Nigeria",923768,910770,"NG","NGA",true,0.1526,0.021,0.0291,255.4756,661.6817,6
76,121207461,174018282,193701929,211140729,211998573,216074411,217489299,"Brazil",8515767,8358140,"BR","BRA",true,0.0269,0.0041,0.0265,25.3643,65.6936,7
50,88016432,134544304,152201981,171466990,173562364,186072407,214709097,"Bangladesh",147570,130170,"BD","BGD",true,0.0669,0.0122,0.0217,1333.3515,3453.3804,8
643,138572623,146717783,143934465,145440500,144820423,141889410,136132775,"Russia",17098242,16376870,"RU","RUS",true,-0.0244,-0.0043,0.0181,8.843,22.9033,9
231,34428514,67411494,90538514,128691692,132059767,152855357,225021875,"Ethiopia",1104300,1128571.3,"ET","ETH",true,0.108,0.0262,0.0165,117.015,303.0688,10
484,67300334,98625552,113623895,129739759,130861007,136904738,148946274,"Mexico",1964375,1943950,"MX","MEX",true,0.035,0.0086,0.0163,67.3171,174.3512,11
392,118358756,127027789,128185275,124370947,123753041,119584121,105123167,"Japan",377930,364500,"JP","JPN",true,-0.0202,-0.005,0.0155,339.5145,879.3426,12
818,43950413,73083284,89196072,114535772,116538258,127139322,161630192,"Egypt",1002450,995450,"EG","EGY",true,0.0608,0.0175,0.0146,117.0709,303.2137,13
608,48043740,79625397,96337125,114891199,115843670,121408895,134373439,"Philippines",342353,298170,"PH","PHL",true,0.03,0.0083,0.0145,388.5155,1006.2552,14
180,26711099,50507442,68563038,105789731,109276265,131532201,218246072,"DR Congo",2344858,2267050,"CD","COD",true,0.1115,0.033,0.0137,48.202,124.8431,15
704,52490101,77154011,87455152,100352192,100987686,104254902,110008908,"Vietnam",331212,313429,"VN","VNM",true,0.0198,0.0063,0.0126,322.2028,834.5051,16
364,39842324,66418659,77420842,90608707,91567738,95486667,101861993,"Iran",1648195,1622500,"IR","IRN",true,0.0287,0.0106,0.0114,56.4362,146.1698,17
792,45408815,65425961,73346769,87270501,87473805,89027542,91258061,"Turkey",783562,783562,"TR","TUR",true,0.0065,0.0023,0.0109,111.6361,289.1375,18
276,78315375,81797258,80830924,84548231,84552242,82780953,78294613,"Germany",357114,349390,"DE","DEU",true,-0.0091,0,0.0106,241.9996,626.779,19
764,45650022,63007815,68579447,71702435,71668011,71215022,66382735,"Thailand",513120,510890,"TH","THA",true,-0.0013,-0.0005,0.009,140.2807,363.327,20
826,56282103,59057338,63006483,68682962,69138192,71286992,75504681,"United Kingdom",242900,241930,"GB","GBR",true,0.0136,0.0066,0.0086,285.7777,740.1642,21
834,19189769,34260139,44758488,66617606,68560157,80913124,129621102,"Tanzania",945087,885800,"TZ","TZA",true,0.0622,0.0292,0.0086,77.3991,200.4638,22
250,53941061,59483717,63417363,66438822,66548530,67107691,68219675,"France",551695,547557,"FR","FRA",true,0.0033,0.0017,0.0083,121.5372,314.7813,23
710,29518857,47159719,52344051,63212384,64007187,68161359,79177328,"South Africa",1221037,1213090,"ZA","ZAF",true,0.024,0.0126,0.008,52.7638,136.6581,24
380,56412084,57272196,60164213,59499453,59342867,57946072,51891099,"Italy",301336,295717,"IT","ITA",true,-0.0058,-0.0026,0.0074,200.6745,519.747,25
404,16018459,30642890,41598567,55339003,56432944,63102245,83593239,"Kenya",580367,569140,"KE","KEN",true,0.0348,0.0198,0.007,99.1548,256.8108,26
104,33227204,45290841,49024382,54133798,54500091,56351031,58623232,"Myanmar",676578,652670,"MM","MMR",true,0.0114,0.0068,0.0068,83.5033,216.2735,27
170,26104498,39089934,44777319,52321152,52886363,55736475,59385357,"Colombia",1141748,1109500,"CO","COL",true,0.0175,0.0108,0.0066,47.6668,123.4571,28
410,38141107,46766661,48769332,51748739,51717590,51188584,45143134,"South Korea",100210,97600,"KR","KOR",true,-0.0013,-0.0006,0.0065,529.8933,1372.4238,29
729,17058905,27816745,35414399,50042791,50448963,58571616,85206383,"Sudan",1886068,1868000,"SD","SDN",true,0.0254,0.0081,0.0063,27.0069,69.948,30
800,13275741,24000150,32390802,48656601,50015092,58312940,85431202,"Uganda",241550,200520,"UG","UGA",true,0.0433,0.0279,0.0062,249.4269,646.0158,31
724,37537565,41019774,46840471,47911579,47910526,47610520,44928558,"Spain",505992,499556.6,"ES","ESP",true,-0.0003,0,0.006,95.9061,248.3968,32
12,18607174,30903893,36188236,46164219,46814308,50154166,59565554,"Algeria",2381741,2381741,"DZ","DZA",true,0.0201,0.0141,0.0058,19.6555,50.9077,33
368,13591992,24424056,31045366,45074049,46042015,51937208,71928750,"Iraq",438317,434128,"IQ","IRQ",true,0.0307,0.0215,0.0058,106.0563,274.6859,34
32,28011596,37213984,41288694,45538401,45696159,46585022,48308944,"Argentina",2780400,2736690,"AR","ARG",true,0.005,0.0035,0.0057,16.6976,43.2468,35
4,13169311,20130327,28284089,41454761,42647492,50039402,76885135,"Afghanistan",652230,652230,"AF","AFG",true,0.0382,0.0288,0.0053,65.3872,169.3528,36
887,9543358,19624141,26754387,39390799,40583164,47667662,70976403,"Yemen",527968,527970,"YE","YEM",true,0.0378,0.0303,0.0051,76.8664,199.084,37
124,24533776,30891803,34196899,39299105,39742430,41655589,45621882,"Canada",9984670,8965590,"CA","CAN",true,0.0129,0.0113,0.005,4.4328,11.4809,38
616,35576519,38258071,38095351,38762844,38539201,37198543,32814096,"Poland",312679,306130,"PL","POL",true,-0.0109,-0.0058,0.0048,125.8916,326.0593,39
504,19459943,28423435,32467016,37712505,38081173,39953460,43440431,"Morocco",446550,446300,"MA","MAR",true,0.0114,0.0098,0.0048,85.3264,220.9954,40
24,8133872,16194869,23294825,36749906,37885849,45160458,74295394,"Angola",1246700,1246700,"AO","AGO",true,0.0363,0.0309,0.0047,30.3889,78.7073,41
804,49955152,49556660,46456003,37732836,37860221,38353853,31990132,"Ukraine",603500,579400,"UA","UKR",true,0.0266,0.0034,0.0047,65.3438,169.2405,42
860,15619936,24787054,28385506,35652307,36361859,40248241,52210755,"Uzbekistan",447400,440650,"UZ","UZB",true,0.0223,0.0199,0.0045,82.5187,213.7234,43
458,12983363,22967816,28655776,35126298,35557673,37961719,44289772,"Malaysia",330803,328550,"MY","MYS",true,0.0135,0.0123,0.0044,108.2261,280.3055,44
508,11336221,18129653,22999235,33635160,34631766,40846755,63530952,"Mozambique",801590,786380,"MZ","MOZ",true,0.0318,0.0296,0.0043,44.0395,114.0623,45
288,11941448,19637087,25474995,33787914,34427414,38222089,50553047,"Ghana",238533,227533,"GH","GHA",true,0.0202,0.0189,0.0043,151.3073,391.886,46
604,17360949,26598331,29086019,33845617,34217848,36193880,40583876,"Peru",1285216,1280000,"PE","PER",true,0.0116,0.011,0.0043,26.7327,69.2377,47
682,6047997,16177722,25157128,33264292,33962757,37443751,47693910,"Saudi Arabia",2149690,2149690,"SA","SAU",true,0.0191,0.021,0.0042,15.7989,40.9192,48
450,9006032,16516338,22183340,31195932,31964956,36693183,53185475,"Madagascar",587041,581800,"MG","MDG",true,0.0245,0.0247,0.004,54.9415,142.2984,49
384,8220714,17699004,22488065,31165654,31934230,36699009,55746985,"Ivory Coast",322463,318000,"CI","CIV",true,0.0245,0.0247,0.004,100.4221,260.0933,50
524,15553105,24546509,27341952,29694614,29651054,30509996,34642027,"Nepal",147181,143350,"NP","NPL",true,-0.0015,-0.0015,0.0037,206.8438,535.7254,51
120,8512219,14912631,19668066,28372687,29123744,33777190,51096317,"Cameroon",475442,472710,"CM","CMR",true,0.0238,0.0265,0.0036,61.6102,159.5703,52
862,15258218,24526708,28813101,28300854,28405543,29151810,31094883,"Venezuela",916445,882050,"VE","VEN",true,0.0035,0.0037,0.0035,32.204,83.4084,53
562,6135971,11509630,16548835,26159867,27032412,32518075,52513876,"Niger",1267000,1266700,"NE","NER",true,0.0279,0.0334,0.0034,21.3408,55.2727,54
36,14721347,19132471,22141581,26451124,26713205,28188539,32506969,"Australia",7692024,7692020,"AU","AUS",true,0.0084,0.0099,0.0033,3.4728,8.9947,55
408,18236786,23665910,24987258,26418204,26498823,26784904,25787127,"North Korea",120538,120410,"KP","PRK",true,0.0024,0.0031,0.0033,220.0716,569.9855,56
760,8957663,16637888,22482421,23594623,24672760,29395540,37793372,"Syria",185180,183630,"SY","SYR",true,0.0316,0.0457,0.0031,134.3613,347.9957,57
466,7530515,11559290,15945198,23769127,24478595,29002865,46154079,"Mali",1240192,1220190,"ML","MLI",true,0.0226,0.0298,0.0031,20.0613,51.9588,58
854,6947900,11925546,16176498,23025776,23548781,26730324,37304383,"Burkina Faso",272967,273600,"BF","BFA",true,0.0167,0.0227,0.0029,86.0701,222.9216,59
158,18086520,22332870,23224049,23317145,23213962,22589950,19434600,"Taiwan",36193,36197,"TW","TWN",false,-0.0032,-0.0044,0.0029,641.3228,1661.0261,60
144,14847974,19293054,20879089,22971617,23103565,23767952,24813690,"Sri Lanka",65610,61860,"LK","LKA",true,0.0041,0.0057,0.0029,373.4815,967.3171,61
454,6265529,11315942,14826463,21104482,21655286,25160287,37361683,"Malawi",118484,94280,"MW","MWI",true,0.0177,0.0261,0.0027,229.6912,594.9002,62
894,5802833,10017631,13965594,20723965,21314956,25024901,38083385,"Zambia",752612,743390,"ZM","ZMB",true,0.0188,0.0285,0.0027,28.6726,74.2621,63
398,15152949,15501103,16836810,20330104,20592571,22003193,26544265,"Kazakhstan",2724900,2699700,"KZ","KAZ",true,0.0081,0.0129,0.0026,7.6277,19.7558,64
148,4515453,8512093,12312575,19319064,20299123,24207479,38857686,"Chad",1284000,1259200,"TD","TCD",true,0.0272,0.0507,0.0025,16.1207,41.7525,65
152,11508550,15503635,17181464,19658835,19764771,20233183,20320306,"Chile",756102,743532,"CL","CHL",true,0.0032,0.0054,0.0025,26.5823,68.8481,66
642,22154771,22046262,20432574,19118479,19015088,18359507,16027266,"Romania",238391,230080,"RO","ROU",true,-0.0033,-0.0054,0.0024,82.6455,214.052,67
706,5936154,8838713,12261756,18358615,19009151,22915044,37206512,"Somalia",637657,627340,"SO","SOM",true,0.0205,0.0354,0.0024,30.3012,78.4801,68
686,5845638,9968260,12635413,18077573,18501984,21163192,30364954,"Senegal",196722,192530,"SN","SEN",true,0.0136,0.0235,0.0023,96.0992,248.897,69
320,6900212,11697592,14500112,18124838,18406359,20067253,24670857,"Guatemala",108889,107160,"GT","GTM",true,0.0089,0.0155,0.0023,171.7652,444.8719,70
528,14162686,16058760,16771235,18092524,18228742,18757217,18958475,"Netherlands",41850,33670,"NL","NLD",true,0.004,0.0075,0.0023,541.3942,1402.2109,71
218,8165877,12689206,15076695,17980083,18135478,19069719,21337237,"Ecuador",276841,248360,"EC","ECU",true,0.0049,0.0086,0.0023,73.0209,189.1242,72
116,5199872,12462336,14500726,17423880,17638801,18827388,21931455,"Cambodia",181035,176520,"KH","KHM",true,0.0067,0.0123,0.0022,99.9252,258.8063,73
716,7041303,11892055,13356548,16340822,16634373,18610349,25866385,"Zimbabwe",390757,386850,"ZW","ZWE",true,0.0099,0.018,0.0021,42.9995,111.3688,74
324,5047419,8428832,10396086,14405468,14754785,16807147,23404584,"Guinea",245857,245720,"GN","GIN",true,0.011,0.0242,0.0018,60.0471,155.5221,75
204,3925251,7221619,9797484,14111034,14462724,16618822,24433809,"Benin",112622,112760,"BJ","BEN",true,0.0111,0.0249,0.0018,128.2611,332.1963,76
646,5353259,8213931,10317553,13954471,14256567,16154705,22707910,"Rwanda",26338,24670,"RW","RWA",true,0.0095,0.0216,0.0018,577.8908,1496.7373,77
108,4383706,6470194,9376444,13689450,14047786,16182016,24131720,"Burundi",27834,25680,"BI","BDI",true,0.011,0.0262,0.0018,547.0322,1416.8133,78
68,5758900,8606326,10182345,12244159,12413315,13405564,16110162,"Bolivia",1098581,1083300,"BO","BOL",true,0.0054,0.0138,0.0016,11.4588,29.6783,79
788,6606195,9764935,10765980,12200431,12277109,12628142,13145141,"Tunisia",163610,155360,"TN","TUN",true,0.0023,0.0063,0.0015,79.0236,204.6712,80
728,4339030,6032267,9745953,11483374,11943408,13457453,18341974,"South Sudan",619745,631930,"SS","SSD",true,0.0078,0.0401,0.0015,18.8999,48.9507,81
332,5614493,8303151,9803294,11637398,11772557,12552359,14710862,"Haiti",27750,27560,"HT","HTI",true,0.0043,0.0116,0.0015,427.161,1106.347,82
56,9833093,10251717,10936626,11712893,11738763,11824141,11870906,"Belgium",30528,30280,"BE","BEL",true,0.0007,0.0022,0.0015,387.6738,1004.0752,83
400,2234186,5386945,7297043,11439213,11552876,12448776,16367354,"Jordan",89342,88794,"JO","JOR",true,0.0014,0.0099,0.0014,130.1087,336.9817,84
214,5729037,8584190,9820175,11331265,11427557,11938852,12996293,"Dominican Republic",48671,48310,"DO","DOM",true,0.003,0.0085,0.0014,236.5464,612.6552,85
784,1015700,3493575,6938363,10642081,11027129,12190605,15367392,"United Arab Emirates",83600,71020,"AE","ARE",true,0.0119,0.0362,0.0014,155.2679,402.144,86
192,9804796,11109109,11297409,11019931,10979783,10700822,9381999,"Cuba",109884,103800,"CU","CUB",true,-0.0013,-0.0036,0.0014,105.7783,273.9657,87
340,3727173,6577773,8365878,10644851,10825703,11885319,14846779,"Honduras",112492,111890,"HN","HND",true,0.0057,0.017,0.0014,96.7531,250.5905,88
203,10275403,10236804,10464035,10809716,10735859,10425089,9825543,"Czech Republic",78865,77198.5,"CZ","CZE",true,-0.0035,-0.0068,0.0013,139.0682,360.1867,89
752,8310469,8872101,9378232,10551494,10606999,10841810,11309630,"Sweden",450295,407283.5,"SE","SWE",true,0.0016,0.0053,0.0013,26.0433,67.4521,90
762,3995256,6284735,7652141,10389799,10590927,11733068,15574642,"Tajikistan",143100,138790,"TJ","TJK",true,0.0063,0.0194,0.0013,76.309,197.6403,91
598,3131512,5537064,7633523,10389635,10576502,11671424,14906590,"Papua New Guinea",462840,452860,"PG","PNG",true,0.0059,0.018,0.0013,23.3549,60.4892,92
620,9763624,10283204,10578660,10430738,10425292,10317927,9770271,"Portugal",92090,91605.6,"PT","PRT",true,-0.0003,-0.0005,0.0013,113.8063,294.7582,93
31,6284708,8174785,9146851,10318207,10336577,10665380,11224923,"Azerbaijan",86600,82646,"AZ","AZE",true,0.002,0.0018,0.0013,125.0705,323.9326,94
300,9653414,10782635,11124670,10242908,10047817,9721984,8812069,"Greece",131990,128900,"GR","GRC",true,-0.0056,-0.019,0.0013,77.9505,201.8917,95
348,10695367,10190600,9979129,9686463,9676135,9449115,8725347,"Hungary",93028,91260,"HU","HUN",true,-0.0009,-0.0011,0.0012,106.0282,274.6131,96
768,2920894,5140037,6732590,9304337,9515236,10792997,15584778,"Togo",56785,54390,"TG","TGO",true,0.0065,0.0227,0.0012,174.9446,453.1065,97
376,3721665,6111190,7336735,9256314,9387021,10175954,13092722,"Israel",20770,21640,"IL","ISR",true,0.0041,0.0141,0.0012,433.781,1123.4928,98
40,7548406,8012928,8365092,9130429,9120813,9080346,8724332,"Austria",83871,82520,"AT","AUT",true,-0.0002,-0.0011,0.0011,110.5285,286.2689,99
112,9603171,9991313,9490752,9115680,9056696,8687632,7453546,"Belarus",207600,202980,"BY","BLR",true,-0.0019,-0.0065,0.0011,44.6187,115.5623,100
756,6319846,7184007,7825753,8870561,8921981,9130292,9342586,"Switzerland",41284,39516,"CH","CHE",true,0.0015,0.0058,0.0011,225.7815,584.774,101
694,3272089,4423611,6222714,8460512,8642022,9694858,12948325,"Sierra Leone",71740,72180,"SL","SLE",true,0.0056,0.0215,0.0011,119.7288,310.0975,102
418,3292573,5431212,6334194,7664993,7769819,8357023,9757285,"Laos",236800,230800,"LA","LAO",true,0.0033,0.0137,0.001,33.6647,87.1916,103
795,2832203,4582677,5564356,7364438,7494498,8135729,9639708,"Turkmenistan",488100,469930,"TM","TKM",true,0.004,0.0177,0.0009,15.9481,41.3056,104
344,4962484,6704664,7101617,7442734,7414909,7252647,6090619,"Hong Kong",1104,1050,"HK","HKG",false,-0.0012,-0.0037,0.0009,7061.8181,18290.1089,105
434,3424378,5305021,6497839,7305659,7381023,7885806,9260605,"Libya",1759540,1759540,"LY","LBY",true,0.0024,0.0103,0.0009,4.1949,10.8647,106
417,3729374,5025145,5491761,7073516,7186009,7803618,9642952,"Kyrgyzstan",199951,191800,"KG","KGZ",true,0.0035,0.0159,0.0009,37.4662,97.0373,107
600,3053235,5100868,5737971,6844146,6929153,7407618,8640464,"Paraguay",406752,397300,"PY","PRY",true,0.0027,0.0124,0.0009,17.4406,45.1712,108
558,3252403,5022633,5737450,6823613,6916140,7441603,8756430,"Nicaragua",130373,120340,"NI","NIC",true,0.0029,0.0136,0.0009,57.4717,148.8516,109
100,8859537,8000520,7437599,6795803,6757689,6458243,5402217,"Bulgaria",110879,108560,"BG","BGR",true,-0.0013,-0.0056,0.0008,62.2484,161.2234,110
688,7796280,7694605,7395864,6773201,6736216,6461212,5532870,"Serbia",88361,87460,"RS","SRB",true,-0.0014,-0.0055,0.0008,77.0205,199.4832,111
222,4540382,5943366,6068249,6309624,6338193,6486207,6663346,"El Salvador",21041,20720,"SV","SLV",true,0.0009,0.0045,0.0008,305.8973,792.2741,112
178,1828985,3151345,4462290,6182885,6332961,7282266,11006471,"Republic of the Congo",342000,341500,"CG","COG",true,0.0048,0.0243,0.0008,18.5445,48.0304,113
208,5123081,5339658,5547863,5948136,5977412,6081995,6124838,"Denmark",43094,40000,"DK","DNK",true,0.0009,0.0049,0.0007,149.4353,387.0374,114
702,2437493,4035245,5077014,5789090,5832387,6031377,6081691,"Singapore",710,718,"SG","SGP",true,0.0013,0.0075,0.0007,8123.1017,21038.8333,115
422,2944763,4329340,5041288,5773493,5805962,6103808,6999260,"Lebanon",10452,10230,"LB","LBN",true,0.0013,0.0056,0.0007,567.5427,1469.9356,116
246,4779350,5176202,5363350,5601185,5617310,5592051,5351645,"Finland",338424,303940,"FI","FIN",true,0.0003,0.0029,0.0007,18.4816,47.8675,117
430,1929253,2928117,4058890,5493031,5612817,6366291,8910530,"Liberia",111369,96320,"LR","LBR",true,0.0038,0.0218,0.0007,58.2726,150.926,118
578,4085604,4490867,4889162,5519167,5576660,5729095,5899829,"Norway",323802,364285,"NO","NOR",true,0.0017,0.0104,0.0007,15.3085,39.649,119
703,4976655,5379999,5391851,5518055,5506760,5401392,4936488,"Slovakia",49037,49035,"SK","SVK",true,-0.0008,-0.002,0.0007,112.3026,290.8638,120
275,1469059,3151793,4016916,5409202,5495443,6122314,8451891,"Palestine",6220,6020,"PS","PSE",true,0.0029,0.0159,0.0007,912.8643,2364.3185,121
140,2450535,3833416,4492995,5152421,5330690,6478245,10616753,"Central African Republic",622984,622980,"CF","CAF",true,0.0057,0.0346,0.0007,8.5568,22.162,122
512,1001248,2282131,2757446,5049269,5281538,6112706,7827002,"Oman",309500,309500,"OM","OMN",true,0.0074,0.046,0.0007,17.0647,44.1977,123
372,3415240,3802585,4559080,5196630,5255017,5525093,5970042,"Ireland",70273,68890,"IE","IRL",true,0.0017,0.0112,0.0007,76.2813,197.5685,124
554,3146327,3857574,4347770,5172836,5213944,5407349,5755288,"New Zealand",270467,263310,"NZ","NZL",true,0.0012,0.0079,0.0007,19.8015,51.286,125
478,1474043,2613441,3390965,5022441,5169395,6062528,9415598,"Mauritania",1030700,1030700,"MR","MRT",true,0.0046,0.0293,0.0006,5.0154,12.9899,126
188,2390633,3937739,4555962,5105525,5129910,5251497,5354150,"Costa Rica",51100,51060,"CR","CRI",true,0.0008,0.0048,0.0006,100.4683,260.2128,127
414,1504782,1954709,2943372,4838782,4934507,5324198,6367756,"Kuwait",17818,17820,"KW","KWT",true,0.0032,0.0198,0.0006,276.9084,717.1927,128
591,1957534,3010369,3628535,4458759,4515577,4833859,5630680,"Panama",75417,74180,"PA","PAN",true,0.0018,0.0127,0.0006,60.8732,157.6617,129
191,4643896,4326105,4301145,3896023,3875325,3725770,3234160,"Croatia",56594,55960,"HR","HRV",true,-0.0009,-0.0053,0.0005,69.2517,179.3619,130
268,5165546,4328358,3895925,3807492,3807670,3790542,3664014,"Georgia",69700,69490,"GE","GEO",true,0,0,0.0005,54.7945,141.9178,131
232,1605797,2247031,2945186,3470390,3535603,4002672,5696062,"Eritrea",117600,121040.8,"ER","ERI",true,0.0021,0.0188,0.0004,29.21,75.6539,132
496,1701335,2455182,2701732,3431932,3475540,3705231,4501493,"Mongolia",1564110,1557506.8,"MN","MNG",true,0.0013,0.0127,0.0004,2.2315,5.7795,133
858,2951953,3266206,3318580,3388081,3386588,3372887,3254354,"Uruguay",181034,175020,"UY","URY",true,-0.0001,-0.0004,0.0004,19.3497,50.1158,134
630,3213680,3809866,3714836,3242023,3242204,3140742,2503994,"Puerto Rico",8870,8870,"PR","PRI",false,-0.0001,0.0001,0.0004,365.5247,946.7089,135
70,4148426,4159771,3811472,3185073,3164253,3013974,2455167,"Bosnia and Herzegovina",51209,51200,"BA","BIH",true,-0.0007,-0.0065,0.0004,61.8018,160.0667,136
634,275913,644989,1709229,2979082,3048423,3333610,4164461,"Qatar",11586,11490,"QA","QAT",true,0.0023,0.0233,0.0004,265.311,687.1554,137
498,4048713,4234967,3631992,3067070,3034961,2845242,2351809,"Moldova",33846,32884.6,"MD","MDA",true,-0.0012,-0.0105,0.0004,92.2913,239.0344,138
516,981434,1818647,2109811,2963095,3030131,3389958,4512301,"Namibia",825615,823290,"NA","NAM",true,0.002,0.0226,0.0004,3.6805,9.5325,139
51,3107415,3125628,2931078,2943393,2973840,2851291,2495207,"Armenia",29743,28470,"AM","ARM",true,-0.0007,0.0103,0.0004,104.4552,270.539,140
440,3428419,3500402,3097720,2854099,2859110,2706358,2258774,"Lithuania",65300,62620,"LT","LTU",true,-0.0005,0.0018,0.0004,45.6581,118.2545,141
388,2145658,2607826,2748568,2839786,2839175,2808954,2454940,"Jamaica",10991,10830,"JM","JAM",true,0,-0.0002,0.0004,262.1584,678.9901,142
8,2735416,3166148,2928722,2811655,2791765,2671885,2240166,"Albania",28748,27400,"AL","ALB",true,-0.0006,-0.0071,0.0003,101.8892,263.8931,143
270,713913,1455084,1926630,2697845,2759988,3130133,4301895,"Gambia",10689,10120,"GM","GMB",true,0.002,0.023,0.0003,272.7261,706.3606,144
266,748389,1275572,1719879,2484789,2538952,2866667,4084533,"Gabon",267668,257670,"GA","GAB",true,0.0017,0.0218,0.0003,9.8535,25.5206,145
72,937485,1677382,2033111,2480244,2521139,2765918,3437430,"Botswana",582000,566730,"BW","BWA",true,0.0013,0.0165,0.0003,4.4486,11.5218,146
426,1406521,2003913,1996251,2311472,2337423,2493818,2993077,"Lesotho",30355,30360,"LS","LSO",true,0.0008,0.0112,0.0003,76.9902,199.4047,147
624,829303,1234741,1566347,2153339,2201352,2488934,3438608,"Guinea-Bissau",36125,28120,"GW","GNB",true,0.0015,0.0223,0.0003,78.2842,202.7561,148
705,1903069,1986816,2044612,2118396,2118697,2098956,1981553,"Slovenia",20273,20136.4,"SI","SVN",true,0,0.0001,0.0003,105.2173,272.5127,149
226,288644,703279,1189085,1847549,1892516,2170445,3143728,"Equatorial Guinea",28051,28050,"GQ","GNQ",true,0.0015,0.0243,0.0002,67.4694,174.7457,150
428,2511759,2368313,2097831,1882396,1871871,1777620,1513810,"Latvia",64559,62230,"LV","LVA",true,-0.0005,-0.0056,0.0002,30.0799,77.9069,151
807,1933038,2057253,2051505,1831802,1823009,1762486,1512688,"North Macedonia",25713,25220,"MK","MKD",true,-0.0003,-0.0048,0.0002,72.2843,187.2162,152
48,358978,669581,1213244,1569666,1607049,1765209,2139465,"Bahrain",765,785,"BH","BHR",true,0.0012,0.0238,0.0002,2047.1962,5302.2381,153
780,1121744,1319774,1386654,1502932,1507782,1512322,1399800,"Trinidad and Tobago",5130,5130,"TT","TTO",true,0.0001,0.0032,0.0002,293.9146,761.2389,154
626,649871,745088,1084679,1384286,1400638,1519804,1889249,"Timor-Leste",14874,14870,"TL","TLS",true,0.0006,0.0118,0.0002,94.1922,243.9578,155
233,1476463,1396997,1331448,1367196,1360546,1302772,1174267,"Estonia",45227,42750,"EE","EST",true,-0.0004,-0.0049,0.0002,31.8256,82.4284,156
196,683076,947667,1127816,1344976,1358282,1422318,1508482,"Cyprus",9251,9240,"CY","CYP",true,0.0004,0.0099,0.0002,147.0002,380.7306,157
480,954216,1216629,1282709,1273588,1271169,1250432,1107197,"Mauritius",2040,2030,"MU","MUS",true,-0.0001,-0.0019,0.0002,626.1916,1621.8363,158
748,596644,1041414,1111650,1230506,1242822,1320918,1505331,"Eswatini",17364,17200,"SZ","SWZ",true,0.0004,0.01,0.0002,72.2571,187.1459,159
262,325815,747318,930251,1152944,1168722,1262678,1530540,"Djibouti",23200,23180,"DJ","DJI",true,0.0005,0.0137,0.0001,50.4194,130.5863,160
242,641975,840909,910419,924145,928784,953106,1000261,"Fiji",18272,18270,"FJ","FJI",true,0.0001,0.005,0.0001,50.8366,131.6667,161
638,553134,763140,844471,874883,878591,900869,941413,"Reunion",2511,2512,"RE","REU",false,0.0001,0.0042,0.0001,349.7576,905.8721,162
174,337721,536080,654836,850387,866628,964264,1307558,"Comoros",1862,1861,"KM","COM",true,0.0005,0.0191,0.0001,465.6787,1206.1077,163
328,774367,764832,749256,826353,831087,861038,940607,"Guyana",214969,196850,"GY","GUY",true,0.0002,0.0057,0.0001,4.2219,10.9348,164
90,238135,440469,532968,800005,819198,938348,1309110,"Solomon Islands",28896,27990,"SB","SLB",true,0.0006,0.024,0.0001,29.2675,75.8029,165
64,433404,596863,701632,786385,791524,820694,882340,"Bhutan",38394,38140,"BT","BTN",true,0.0002,0.0065,0.0001,20.7531,53.7506,166
446,246097,437309,562806,713912,720262,726723,668860,"Macau",32.9,32.9,"MO","MAC",false,0.0001,0.0089,0.0001,21892.462,56701.4766,167
442,363705,436132,507410,665098,673036,713667,791464,"Luxembourg",2586,2574.5,"LU","LUX",true,0.0002,0.0119,0.0001,261.424,677.0881,168
499,584820,634193,632088,633552,638479,612562,533295,"Montenegro",13812,13450,"ME","MNE",true,-0.0001,0.0078,0.0001,47.4706,122.9487,169
740,375377,476643,549923,628886,634431,665652,733904,"Suriname",163820,156000,"SR","SUR",true,0.0002,0.0088,0.0001,4.0669,10.5332,170
732,117374,271943,409716,579729,590506,647480,777316,"Western Sahara",266000,266000,"EH","ESH",false,0.0003,0.0186,0.0001,2.2199,5.7497,171
470,342877,399895,422651,532956,539607,555231,535721,"Malta",316,320,"MT","MLT",true,0.0002,0.0125,0.0001,1686.2719,4367.4442,172
462,164835,282019,360792,525994,527799,539667,589962,"Maldives",300,300,"MV","MDV",true,0.0001,0.0034,0.0001,1759.33,4556.6647,173
132,323301,453317,509784,522331,524877,538614,566134,"Cape Verde",4033,4033,"CV","CPV",true,0.0001,0.0049,0.0001,130.1455,337.077,174
96,186111,326424,392332,458949,462721,482447,519551,"Brunei",5765,5270,"BN","BRN",true,0.0001,0.0082,0.0001,87.8028,227.4094,175
84,145062,240799,320245,411106,417072,449839,516627,"Belize",22966,22810,"BZ","BLZ",true,0.0002,0.0145,0.0001,18.2846,47.3571,176
44,232526,323835,367478,399440,401283,410267,424265,"Bahamas",13943,10010,"BS","BHS",true,0.0001,0.0046,0.0001,40.0882,103.8285,177
352,228144,281280,318158,387558,393396,414348,432993,"Iceland",103000,100830,"IS","ISL",true,0.0002,0.0151,0,3.9016,10.1051,178
312,331211,419567,408812,376517,375106,366343,326318,"Guadeloupe",1628,1628,"GP","GLP",false,0,-0.0037,0,230.4091,596.7595,179
474,332284,421382,397384,346002,343195,327638,282070,"Martinique",1128,1128,"MQ","MTQ",false,-0.0001,-0.0081,0,304.2509,788.0098,180
548,115660,186281,238248,320409,327777,372428,534388,"Vanuatu",12189,12190,"VU","VUT",true,0.0002,0.023,0,26.889,69.6425,181
175,50145,156492,207422,316015,326505,390534,645426,"Mayotte",374,374,"YT","MYT",false,0.0003,0.0332,0,873.008,2261.0908,182
254,66349,160620,234565,303402,308522,341732,471916,"French Guiana",83534,83534,"GF","GUF",false,0.0002,0.0169,0,3.6934,9.5658,183
540,149817,223098,261582,289870,292639,307577,340580,"New Caledonia",18575,18280,"NC","NCL",false,0.0001,0.0096,0,16.0087,41.4625,184
52,251524,262063,275243,282336,282467,282490,264216,"Barbados",430,430,"BB","BRB",true,0,0.0005,0,656.9,1701.371,185
258,156471,240337,270580,281118,281807,285546,284750,"French Polynesia",4167,3471,"PF","PYF",false,0,0.0025,0,81.189,210.2795,186
678,98544,144018,181802,230871,235536,264565,365115,"Sao Tome and Principe",964,960,"ST","STP",true,0.0001,0.0202,0,245.35,635.4565,187
882,164322,181685,193023,216663,218019,225971,272726,"Samoa",2842,2780,"WS","WSM",true,0,0.0063,0,78.4241,203.1184,188
531,156660,145529,156879,185427,185482,184826,173498,"Curacao",444,444,"CW","CUW",false,0,0.0003,0,417.7523,1081.9783,189
662,119290,158616,170906,179285,179744,181359,172081,"Saint Lucia",616,610,"LC","LCA",true,0,0.0026,0,294.6623,763.1753,190
316,110141,160065,166522,166506,167777,174635,191458,"Guam",549,540,"GU","GUM",false,0,0.0076,0,310.6981,804.7082,191
296,61148,88613,108704,132530,134518,146126,182621,"Kiribati",811,810,"KI","KIR",true,0.0001,0.015,0,166.0716,430.1255,192
690,66260,83318,94971,127951,130418,140399,141746,"Seychelles",452,460,"SC","SYC",true,0.0001,0.0193,0,283.5174,734.31,193
308,94538,107451,111586,117081,117207,117466,113243,"Grenada",344,340,"GD","GRD",true,0,0.0011,0,344.7265,892.8416,194
583,77407,112044,107540,112630,113160,116350,126408,"Micronesia",702,700,"FM","FSM",true,0,0.0047,0,161.6571,418.692,195
533,62039,88761,100114,107939,108066,107864,100002,"Aruba",180,180,"AW","ABW",false,0,0.0012,0,600.3667,1554.9497,196
776,97769,102677,107400,104597,104175,102072,105195,"Tonga",747,720,"TO","TON",true,0,-0.004,0,144.6875,374.7406,197
832,76533,87841,97108,103674,103846,104518,104766,"Jersey",116,120,"JE","JEY",false,0,0.0017,0,865.3833,2241.3428,198
670,104213,113545,109959,101323,100616,96856,88942,"Saint Vincent and the Grenadines",389,390,"VC","VCT",true,0,-0.007,0,257.9897,668.1934,199
28,64513,74912,85320,93316,93772,96000,95055,"Antigua and Barbuda",442,440,"AG","ATG",true,0,0.0049,0,213.1182,551.9761,200
850,96567,108579,106311,85701,84905,80852,71225,"United States Virgin Islands",347,347,"VI","VIR",false,0,-0.0093,0,244.683,633.729,201
833,64076,75659,83873,84165,84160,83590,77971,"Isle of Man",572,570,"IM","IMN",false,,-0.0001,0,147.6491,382.4112,202
20,35782,65685,80706,80856,81938,85681,82195,"Andorra",468,470,"AD","AND",true,0,0.0134,0,174.3362,451.5307,203
136,17079,39674,54099,73038,74457,82415,103959,"Cayman Islands",264,240,"KY","CYM",false,0,0.0194,0,310.2375,803.5151,204
212,73083,68511,68859,66510,66205,64169,63192,"Dominica",751,750,"DM","DMA",true,0,-0.0046,0,88.2733,228.6279,205
60,53673,61550,63725,64698,64636,63868,56937,"Bermuda",54,54,"BM","BMU",false,0,-0.001,0,1196.963,3100.1341,206
831,53929,60269,61513,64017,64280,64823,62800,"Guernsey",78,63,"GG","GGY",false,0,0.0041,0,1020.3175,2642.6222,207
304,50111,56209,56614,55922,55840,55050,49898,"Greenland",2166086,410450,"GL","GRL",false,0,-0.0015,0,0.136,0.3524,208
234,43072,45663,48169,54714,55400,58206,63035,"Faroe Islands",1393,1366,"FO","FRO",false,0,0.0125,0,40.5564,105.041,209
659,42850,45248,46846,46758,46843,47134,44249,"Saint Kitts and Nevis",261,260,"KN","KNA",true,0,0.0018,0,180.1654,466.6283,210
16,32403,56855,55228,47521,46765,42958,37545,"American Samoa",199,200,"AS","ASM",false,0,-0.0159,0,233.825,605.6067,211
796,7564,18730,29739,46198,46535,48258,50988,"Turks and Caicos Islands",948,948,"TC","TCA",false,0,0.0073,0,49.0876,127.1368,212
580,17625,68356,54091,45143,44278,41785,42764,"Northern Mariana Islands",464,460,"MP","MNP",false,0,-0.0192,0,96.2565,249.3044,213
534,12410,30773,33794,42749,43350,46331,51017,"Sint Maarten",34,34,"SX","SXM",false,0,0.0141,0,1275,3302.25,214
438,25090,33113,35999,39598,39870,41202,43013,"Liechtenstein",160,160,"LI","LIE",true,0,0.0069,0,249.1875,645.3956,215
92,11130,20241,27675,38985,39471,40592,40340,"British Virgin Islands",151,150,"VG","VGB",false,0,0.0125,0,263.14,681.5326,216
292,28675,27709,31248,38471,39329,43459,49798,"Gibraltar",6.8,6.8,"GI","GIB",false,0,0.0223,0,5783.6765,14979.7221,217
492,27122,32455,33163,38956,38631,37366,36757,"Monaco",2.02,2,"MC","MCO",true,0,-0.0083,0,19315.5,50027.145,218
584,30774,50706,52044,38827,37548,31186,25195,"Marshall Islands",181,180,"MH","MHL",true,0,-0.0329,0,208.6,540.274,219
674,21585,26799,30624,33733,33581,33742,33696,"San Marino",61,60,"SM","SMR",true,0,-0.0045,0,559.6833,1449.5798,220
663,8288,29996,36856,27515,26129,21066,18795,"Saint Martin",53,50,"MF","MAF",false,0,-0.0504,0,522.58,1353.4822,221
585,12271,19178,18396,17727,17695,17376,15518,"Palau",459,460,"PW","PLW",true,0,-0.0018,0,38.4674,99.6305,222
660,6588,11177,13345,14410,14598,14977,14552,"Anguilla",91,91,"AI","AIA",false,0,0.013,0,160.4176,415.4815,223
184,17697,15854,16976,14222,13729,11495,9337,"Cook Islands",240,240,"CK","COK",false,0,-0.0347,0,57.2042,148.1588,224
520,7649,10168,10043,11875,11947,12521,15758,"Nauru",21,20,"NR","NRU",true,0,0.0061,0,597.35,1547.1365,225
876,11117,14784,13164,11370,11277,10859,10148,"Wallis and Futuna",274,274,"WF","WLF",false,0,-0.0082,0,41.1569,106.5965,226
652,2966,7082,8965,11085,11258,12007,12789,"Saint Barthelemy",21,25,"BL","BLM",false,0,0.0156,0,450.32,1166.3288,227
798,7366,9544,10614,9816,9646,9047,9781,"Tuvalu",26,30,"TV","TUV",true,0,-0.0173,0,321.5333,832.7713,228
666,6172,6293,6024,5681,5628,5289,4258,"Saint Pierre and Miquelon",242,242,"PM","SPM",false,0,-0.0093,,23.2562,60.2336,229
500,11339,5029,4794,4420,4389,4202,3692,"Montserrat",102,102,"MS","MSR",false,,-0.007,,43.0294,111.4462,230
238,2252,3097,3197,3477,3470,3422,3176,"Falkland Islands",12173,12173,"FK","FLK",false,,-0.002,,0.2851,0.7383,231
772,1664,1845,1585,2397,2506,2985,3821,"Tokelau",12,10,"TK","TKL",false,0,0.0455,,250.6,649.054,232
570,3533,2047,1768,1817,1819,1835,1966,"Niue",261,261,"NU","NIU",false,,0.0011,,6.9693,18.0506,233
336,743,691,621,496,496,528,714,"Vatican City",0.44,0.44,"VA","VAT",true,,0,,1127.2727,2919.6364,234